{
  "accuracy": 0.819,
  "f1": 0.4681684622918707,
  "precision": 0.6685314685314685,
  "recall": 0.3602110022607385,
  "roc_auc": 0.7796780588385458
}